-122.385331, 37.610658, 90.5666961669922
-122.380087, 37.610658, 108.560800733911
-122.374843, 37.610658, 98.1143341064453
-122.385331, 37.61483, 86.2149429321289
-122.380087, 37.61483, 101.351677722264
-122.374842, 37.614829, 113.443130493164
-122.385331, 37.619002, 93.8128814697266
-122.380086, 37.619001, 100.871742248535
-122.374842, 37.619001, 114.971946893851
-122.382709, 37.610658, 103.113358903572
-122.385331, 37.612744, 88.396614074707
-122.382709, 37.612744, 94.9979693191435
-122.380087, 37.612744, 117.729995727539
-122.382709, 37.61483, 89.6934432983398
-122.377465, 37.610658, 112.583160400391
-122.377465, 37.612744, 111.493225097656
-122.374843, 37.612744, 103.10905456543
-122.377464, 37.61483, 109.662952555499
-122.385331, 37.616916, 89.6513824462891
-122.382708, 37.616916, 91.690055847168
-122.380086, 37.616916, 94.2034912109375
-122.382708, 37.619002, 96.8317794799805
-122.377464, 37.616915, 114.164421081543
-122.374842, 37.616915, 111.292938232422
-122.377464, 37.619001, 110.417404174805
-122.385331, 37.623173, 124.123207092285
-122.380086, 37.623173, 114.460319519043
-122.374841, 37.623173, 102.8408203125
-122.385331, 37.627345, 100.235015869141
-122.380086, 37.627345, 93.4255065917969
-122.374841, 37.627344, 94.4109268188477
-122.385331, 37.621087, 100.956520080566
-122.382708, 37.621087, 108.120025634766
-122.380086, 37.621087, 118.510208129883
-122.382708, 37.623173, 105.869613647461
-122.377464, 37.621087, 105.725746154785
-122.374842, 37.621087, 124.426811218262
-122.377464, 37.623173, 105.673706054688
-122.385331, 37.625259, 106.334213256836
-122.382708, 37.625259, 105.75456237793
-122.380086, 37.625259, 100.01513671875
-122.382708, 37.627345, 96.2827301025391
-122.377463, 37.625259, 96.1337432861328
-122.374841, 37.625258, 97.8273773193359
-122.377463, 37.627344, 91.1763763427734
-122.395818, 37.610658, 80.9570617675781
-122.390574, 37.610658, 84.8423843383789
-122.395818, 37.61483, 81.7189025878906
-122.390574, 37.61483, 83.8035049438477
-122.38533, 37.614829, 86.2161865234375
-122.395818, 37.619002, 86.3839797973633
-122.390574, 37.619001, 89.5469360351563
-122.385329, 37.619001, 93.8130264282227
-122.393196, 37.610658, 82.7610626220703
-122.395818, 37.612744, 79.7323913574219
-122.393196, 37.612744, 81.3120346069336
-122.390574, 37.612744, 83.4519653320313
-122.393196, 37.61483, 82.7172470092773
-122.387952, 37.610658, 87.599235534668
-122.387952, 37.612744, 85.6568984985352
-122.387952, 37.61483, 85.0501022338867
-122.395818, 37.616916, 83.9443969726563
-122.393196, 37.616916, 85.1464614868164
-122.390574, 37.616916, 86.519172668457
-122.393196, 37.619002, 87.8656692504883
-122.387952, 37.616915, 88.1057434082031
-122.387952, 37.619001, 91.4696807861328
-122.385331, 37.602315, 100.350578308105
-122.380087, 37.602315, 96.3283004760742
-122.374844, 37.602315, 88.1996002197266
-122.385331, 37.606487, 95.5581817626953
-122.380087, 37.606487, 110.590934575542
-122.374844, 37.606486, 92.0263595581055
-122.382709, 37.602315, 103.402519226074
-122.385331, 37.604401, 98.7048568725586
-122.382709, 37.604401, 104.884727478027
-122.380087, 37.604401, 100.800888061523
-122.382709, 37.606487, 103.271240234375
-122.377466, 37.602315, 91.6396408081055
-122.377466, 37.604401, 93.8956604003906
-122.374844, 37.604401, 89.9280014038086
-122.377465, 37.606487, 96.7260208129883
-122.385331, 37.608573, 92.5602035522461
-122.382709, 37.608573, 98.7069396972656
-122.380087, 37.608572, 114.346870422363
-122.377465, 37.608572, 102.015266418457
-122.374843, 37.608572, 94.6322784423828
-122.369599, 37.610658, 90.2868957519531
-122.364355, 37.610657, 94.7272491455078
-122.374843, 37.614829, 113.453651428223
-122.369599, 37.614829, 102.050979614258
-122.364355, 37.614829, 110.849499241461
-122.374843, 37.619001, 114.989659847071
-122.369599, 37.619001, 119.839569091797
-122.364354, 37.619001, 93.975162265403
-122.372221, 37.610658, 91.9859771728516
-122.372221, 37.612744, 94.6050567626953
-122.369599, 37.612744, 94.7872009277344
-122.372221, 37.614829, 98.0677871704102
-122.366977, 37.610658, 92.372444152832
-122.366977, 37.612743, 97.8449630737305
-122.364355, 37.612743, 103.058792114258
-122.366977, 37.614829, 112.381744384766
-122.372221, 37.616915, 111.787590026855
-122.369599, 37.616915, 113.785537719727
-122.372221, 37.619001, 116.420059204102
-122.366977, 37.616915, 108.155456542969
-122.364355, 37.616915, 115.66968536377
-122.366976, 37.619001, 101.221801757813
-122.385331, 37.631516, 89.51220703125
-122.380085, 37.631516, 86.308464050293
-122.37484, 37.631516, 89.7865295410156
-122.385331, 37.635688, 84.0456085205078
-122.380085, 37.635688, 81.5356063842773
-122.374839, 37.635687, 86.502555847168
-122.385331, 37.62943, 93.5049667358398
-122.382708, 37.62943, 91.3122711181641
-122.380085, 37.62943, 89.4681091308594
-122.382708, 37.631516, 87.8814468383789
-122.377463, 37.62943, 87.6164398193359
-122.37484, 37.62943, 91.8493728637695
-122.377463, 37.631516, 86.0008926391602
-122.385331, 37.633602, 86.4991302490234
-122.382708, 37.633602, 85.1083755493164
-122.380085, 37.633602, 83.7180938720703
-122.382708, 37.635688, 82.8041152954102
-122.377462, 37.633602, 84.982795715332
-122.37484, 37.633602, 88.1087036132813
-122.377462, 37.635688, 83.7431411743164
-122.395818, 37.623173, 93.3451309204102
-122.390574, 37.623173, 99.5708618164063
-122.385329, 37.623173, 124.106651306152
-122.395818, 37.627345, 103.329597473145
-122.390573, 37.627345, 102.02880859375
-122.385328, 37.627344, 100.233520507813
-122.395818, 37.621087, 89.1201019287109
-122.393196, 37.621087, 91.1345367431641
-122.390574, 37.621087, 93.3215255737305
-122.393196, 37.623173, 96.1374969482422
-122.387951, 37.621087, 96.5609588623047
-122.387951, 37.623173, 106.140626368759
-122.395818, 37.625259, 97.8028411865234
-122.393196, 37.625259, 100.566375732422
-122.390573, 37.625259, 112.089401245117
-122.393196, 37.627345, 100.237998962402
-122.387951, 37.625259, 104.265598676229
-122.387951, 37.627344, 102.719528198242
-122.369597, 37.619001, 119.825996398926
-122.364353, 37.619001, 93.9727860575829
-122.374842, 37.623173, 102.838165283203
-122.369597, 37.623173, 120.882713317871
-122.364352, 37.623172, 93.0355072021484
-122.374842, 37.627344, 94.4083251953125
-122.369597, 37.627344, 115.811096191406
-122.364352, 37.627344, 99.7528381347656
-122.37222, 37.621087, 108.032225042183
-122.369597, 37.621087, 103.645774841309
-122.372219, 37.623173, 112.797218322754
-122.366975, 37.619001, 101.217437744141
-122.366975, 37.621087, 95.6016387939453
-122.364353, 37.621086, 90.6696319580078
-122.366975, 37.623172, 98.7734756469727
-122.372219, 37.625258, 109.142601013184
-122.369597, 37.625258, 108.019485473633
-122.372219, 37.627344, 101.276260375977
-122.366975, 37.625258, 105.347747802734
-122.364352, 37.625258, 95.4271011352539
-122.366974, 37.627344, 129.076353016026
-122.395818, 37.602315, 84.2516632080078
-122.390575, 37.602315, 89.8573226928711
-122.385332, 37.602315, 100.348258972168
-122.395818, 37.606487, 82.8543548583984
-122.390575, 37.606487, 87.7790756225586
-122.385331, 37.606486, 95.5575485229492
-122.393197, 37.602315, 86.7331771850586
-122.395818, 37.604401, 83.7562637329102
-122.393197, 37.604401, 86.0256423950195
-122.390575, 37.604401, 88.7318878173828
-122.393196, 37.606487, 85.1298522949219
-122.387953, 37.602315, 94.6262893676758
-122.387953, 37.604401, 92.7216796875
-122.387953, 37.606487, 90.6831130981445
-122.395818, 37.608573, 82.0044708251953
-122.393196, 37.608573, 84.1145858764648
-122.390575, 37.608572, 86.3255920410156
-122.387953, 37.608572, 89.1836242675781
-122.385331, 37.593972, 95.4044799804688
-122.380088, 37.593972, 98.3789443969727
-122.374845, 37.593972, 93.826904296875
-122.385331, 37.598144, 99.2908630371094
-122.380088, 37.598144, 94.3432922363281
-122.374845, 37.598143, 86.7431793212891
-122.382709, 37.593972, 98.036750793457
-122.385331, 37.596058, 97.4655227661133
-122.382709, 37.596058, 99.8320159912109
-122.380088, 37.596058, 96.3043746948242
-122.382709, 37.598144, 100.200454711914
-122.377467, 37.593972, 95.7769470214844
-122.377466, 37.596058, 91.9307403564453
-122.374845, 37.596057, 89.5501098632813
-122.377466, 37.598143, 89.7159957885742
-122.385331, 37.600229, 100.258987426758
-122.382709, 37.600229, 100.997100830078
-122.380088, 37.600229, 93.8839797973633
-122.377466, 37.600229, 89.8144454956055
-122.374844, 37.600229, 86.5802307128906
-122.369601, 37.602315, 82.3883895874023
-122.364358, 37.602314, 82.5205993652344
-122.369601, 37.606486, 84.2666625976563
-122.364357, 37.606486, 87.2750015258789
-122.374844, 37.610658, 98.1175079345703
-122.3696, 37.610658, 90.2859649658203
-122.364357, 37.610657, 94.7255783081055
-122.372223, 37.602315, 85.0719146728516
-122.372222, 37.604401, 86.4181747436523
-122.369601, 37.6044, 83.2896347045898
-122.372222, 37.606486, 87.9411163330078
-122.366979, 37.602314, 81.2094192504883
-122.366979, 37.6044, 83.3105773925781
-122.364357, 37.6044, 84.6468048095703
-122.366979, 37.606486, 85.7673110961914
-122.372222, 37.608572, 89.911018371582
-122.369601, 37.608572, 87.0275192260742
-122.372222, 37.610658, 91.9884414672852
-122.366979, 37.608572, 88.7503280639648
-122.364357, 37.608572, 90.4484176635742
-122.366978, 37.610658, 92.3714981079102
-122.359112, 37.610657, 102.67570227748
-122.353868, 37.610657, 100.201812744141
-122.359111, 37.614829, 113.873858670409
-122.353867, 37.614829, 91.4106521606445
-122.364355, 37.619001, 93.9775396219494
-122.359111, 37.619, 88.2590026855469
-122.353867, 37.619, 85.2595291137695
-122.361734, 37.610657, 98.4768676757813
-122.361733, 37.612743, 115.443099975586
-122.359111, 37.612743, 109.750104666643
-122.361733, 37.614829, 110.500056718312
-122.35649, 37.610657, 105.02978515625
-122.356489, 37.612743, 99.7538146972656
-122.353868, 37.612743, 96.3175811767578
-122.356489, 37.614829, 101.011419642917
-122.361733, 37.616915, 100.717024174779
-122.359111, 37.616915, 93.7780760197496
-122.361733, 37.619001, 90.1137924194336
-122.356489, 37.616915, 89.8167724609375
-122.353867, 37.616914, 88.072868347168
-122.356489, 37.619, 86.6603927612305
-122.395818, 37.631516, 97.3567199707031
-122.390573, 37.631516, 93.7706985473633
-122.385328, 37.631516, 89.511116027832
-122.395818, 37.635688, 89.7631378173828
-122.390573, 37.635688, 86.556510925293
-122.385327, 37.635687, 84.0447006225586
-122.395818, 37.62943, 99.002082824707
-122.393196, 37.62943, 99.8172302246094
-122.390573, 37.62943, 99.0616912841797
-122.393196, 37.631516, 95.9811859130859
-122.387951, 37.62943, 96.5382080078125
-122.38795, 37.631516, 91.3269577026367
-122.395818, 37.633602, 93.5028915405273
-122.393195, 37.633602, 91.5869598388672
-122.390573, 37.633602, 89.519645690918
-122.393195, 37.635688, 87.9438095092773
-122.38795, 37.633602, 87.9381942749023
-122.38795, 37.635688, 85.2697143554688
-122.369596, 37.627344, 115.795745849609
-122.364351, 37.627344, 99.7489624023438
-122.374841, 37.631516, 89.7856369018555
-122.369595, 37.631516, 101.375
-122.36435, 37.631515, 103.31275177002
-122.374841, 37.635687, 86.5012512207031
-122.369595, 37.635687, 93.5062408447266
-122.36435, 37.635687, 103.064231872559
-122.372218, 37.62943, 97.1111679077148
-122.369596, 37.62943, 108.991874694824
-122.372218, 37.631516, 94.0179138183594
-122.366973, 37.627344, 128.994005481176
-122.366973, 37.62943, 104.53645324707
-122.36435, 37.62943, 103.356788635254
-122.366973, 37.631516, 107.880210876465
-122.372218, 37.633602, 91.6095199584961
-122.369595, 37.633601, 96.7978897094727
-122.372218, 37.635687, 89.6341018676758
-122.366973, 37.633601, 104.518630981445
-122.36435, 37.633601, 102.815185546875
-122.366972, 37.635687, 99.9777374267578
-122.406306, 37.619002, 82.1714248657227
-122.401061, 37.619001, 84.1522598266602
-122.395817, 37.619001, 86.3840255737305
-122.406306, 37.623173, 85.7350540161133
-122.401061, 37.623173, 89.4202117919922
-122.395816, 37.623173, 93.3458023071289
-122.406306, 37.627345, 91.0659790039063
-122.401061, 37.627345, 95.5749969482422
-122.395816, 37.627344, 103.332885742188
-122.403684, 37.619002, 83.2934494018555
-122.406306, 37.621087, 83.8644180297852
-122.403684, 37.621087, 85.2033920288086
-122.401061, 37.621087, 86.4409637451172
-122.403683, 37.623173, 87.4666748046875
-122.398439, 37.619001, 85.067741394043
-122.398439, 37.621087, 87.5014724731445
-122.398439, 37.623173, 91.083366394043
-122.406306, 37.625259, 88.3282318115234
-122.403683, 37.625259, 90.3558197021484
-122.401061, 37.625259, 92.6264877319336
-122.403683, 37.627345, 93.2909927368164
-122.398439, 37.625259, 95.0720291137695
-122.398438, 37.627344, 97.9789886474609
-122.359109, 37.619, 88.2577209472656
-122.353864, 37.619, 85.2583465576172
-122.364353, 37.623172, 93.0365829467773
-122.359108, 37.623172, 86.1264953613281
-122.353864, 37.623172, 81.3228073120117
-122.364353, 37.627344, 99.756721496582
-122.359108, 37.627344, 89.3035736083984
-122.353863, 37.627343, 83.9131774902344
-122.361731, 37.621086, 86.9184722900391
-122.359109, 37.621086, 85.2528076171875
-122.361731, 37.623172, 89.063346862793
-122.356486, 37.619, 86.6590728759766
-122.356486, 37.621086, 83.9739990234375
-122.353864, 37.621086, 82.8521041870117
-122.356486, 37.623172, 83.4971694946289
-122.361731, 37.625258, 91.072868347168
-122.359108, 37.625258, 87.71826171875
-122.361731, 37.627344, 92.9290390014648
-122.356486, 37.625258, 84.9366149902344
-122.353863, 37.625258, 82.6340179443359
-122.356486, 37.627343, 86.3703002929688
-122.395818, 37.593972, 83.3169555664063
-122.390576, 37.593972, 92.0002365112305
-122.385333, 37.593972, 95.401008605957
-122.395818, 37.598144, 84.2453765869141
-122.390575, 37.598144, 90.1381378173828
-122.385332, 37.598143, 99.2879486083984
-122.393197, 37.593972, 85.493522644043
-122.395818, 37.596058, 83.9321594238281
-122.393197, 37.596058, 86.2510986328125
-122.390575, 37.596058, 89.2645111083984
-122.393197, 37.598144, 86.7320022583008
-122.387954, 37.593972, 92.5555419921875
-122.387954, 37.596058, 96.6234512329102
-122.387954, 37.598143, 94.5949554443359
-122.395818, 37.600229, 84.2919616699219
-122.393197, 37.600229, 86.7918701171875
-122.390575, 37.600229, 90.1070785522461
-122.387954, 37.600229, 94.9252319335938
-122.385331, 37.585629, 85.2135238647461
-122.380089, 37.585629, 88.1866760253906
-122.374847, 37.585628, 89.8221282958984
-122.385331, 37.589801, 90.2975463867188
-122.380088, 37.5898, 94.7361831665039
-122.374846, 37.5898, 96.1941070556641
-122.38271, 37.585629, 86.9484329223633
-122.385331, 37.587715, 87.5830612182617
-122.38271, 37.587715, 89.6378860473633
-122.380088, 37.587715, 91.5386657714844
-122.382709, 37.5898, 92.5586395263672
-122.377468, 37.585629, 89.1354217529297
-122.377467, 37.587714, 92.5011520385742
-122.374846, 37.587714, 93.3128662109375
-122.377467, 37.5898, 95.7817153930664
-122.385331, 37.591886, 92.7150573730469
-122.382709, 37.591886, 95.6858062744141
-122.380088, 37.591886, 97.4032592773438
-122.377467, 37.591886, 97.8577041625977
-122.374846, 37.591886, 97.1021270751953
-122.369603, 37.593971, 91.9281387329102
-122.36436, 37.593971, 90.2806777954102
-122.369602, 37.598143, 84.7542343139648
-122.36436, 37.598143, 84.4644470214844
-122.374845, 37.602315, 88.2010879516602
-122.369602, 37.602315, 82.3895645141602
-122.364359, 37.602314, 82.5199584960938
-122.372224, 37.593972, 92.8375854492188
-122.372224, 37.596057, 88.8071365356445
-122.369603, 37.596057, 88.1120681762695
-122.372224, 37.598143, 85.2872619628906
-122.366981, 37.593971, 91.0835113525391
-122.366981, 37.596057, 87.4579010009766
-122.36436, 37.596057, 86.8400192260742
-122.366981, 37.598143, 84.5571212768555
-122.372224, 37.600229, 83.8120269775391
-122.369602, 37.600229, 82.465461730957
-122.372224, 37.602315, 85.0732421875
-122.366981, 37.600229, 82.3959655761719
-122.364359, 37.600229, 82.3279190063477
-122.366981, 37.602315, 81.2088928222656
-122.359115, 37.602314, 85.0010604858398
-122.353871, 37.602314, 87.1091613769531
-122.364358, 37.606486, 87.2746658325195
-122.359114, 37.606486, 90.6417541503906
-122.353871, 37.606485, 94.7622528076172
-122.364358, 37.610657, 94.723876953125
-122.359114, 37.610657, 102.668890695098
-122.35387, 37.610657, 100.20361328125
-122.361736, 37.602314, 83.8995361328125
-122.361736, 37.6044, 85.9727325439453
-122.359114, 37.6044, 87.5373229980469
-122.361736, 37.606486, 88.7484130859375
-122.356493, 37.602314, 86.1430740356445
-122.356493, 37.6044, 88.851318359375
-122.353871, 37.6044, 90.6356201171875
-122.356492, 37.606486, 92.8679809570313
-122.361736, 37.608572, 92.3777694702148
-122.359114, 37.608572, 95.2276611328125
-122.361736, 37.610657, 98.4738159179688
-122.356492, 37.608571, 97.7723541259766
-122.35387, 37.608571, 98.8635025024414
-122.356492, 37.610657, 105.013412475586
-122.348624, 37.610657, 95.7540740966797
-122.34338, 37.610657, 92.5624923706055
-122.353868, 37.614829, 91.4111633300781
-122.348624, 37.614828, 87.5795516967773
-122.34338, 37.614828, 85.6708831787109
-122.353868, 37.619, 85.260124206543
-122.348623, 37.619, 82.8972549438477
-122.343379, 37.619, 81.218864440918
-122.351246, 37.610657, 97.8814544677734
-122.351246, 37.612743, 93.4238433837891
-122.348624, 37.612743, 91.3843536376953
-122.351246, 37.614829, 89.2938995361328
-122.346002, 37.610657, 94.0708084106445
-122.346002, 37.612743, 90.0782623291016
-122.34338, 37.612742, 88.8236236572266
-122.346002, 37.614828, 86.5598526000977
-122.351246, 37.616914, 86.539924621582
-122.348624, 37.616914, 84.9380569458008
-122.351246, 37.619, 84.0300216674805
-122.346001, 37.616914, 84.0225982666016
-122.343379, 37.616914, 83.3032760620117
-122.346001, 37.619, 81.8529510498047
-122.395818, 37.639859, 84.2309341430664
-122.390572, 37.639859, 82.1710052490234
-122.385326, 37.639859, 80.0879211425781
-122.395818, 37.644031, 81.0331192016602
-122.390572, 37.644031, 78.7633743286133
-122.385326, 37.64403, 77.0403213500977
-122.395818, 37.637774, 86.5510787963867
-122.393195, 37.637774, 85.3269882202148
-122.390572, 37.637773, 84.1801834106445
-122.393195, 37.639859, 83.1880187988281
-122.38795, 37.637773, 83.0728378295898
-122.385327, 37.637773, 81.9417190551758
-122.387949, 37.639859, 81.1330718994141
-122.395818, 37.641945, 82.2509002685547
-122.393195, 37.641945, 81.3002166748047
-122.390572, 37.641945, 80.3957214355469
-122.393195, 37.644031, 79.60498046875
-122.387949, 37.641945, 79.4368362426758
-122.385326, 37.641945, 78.4447250366211
-122.387949, 37.644031, 77.9445114135742
-122.406306, 37.631516, 95.5899963378906
-122.401061, 37.631516, 97.0233688354492
-122.395815, 37.631516, 97.3566436767578
-122.406306, 37.635688, 95.6791381835938
-122.40106, 37.635688, 93.15283203125
-122.395815, 37.635687, 89.7615203857422
-122.406306, 37.62943, 93.1698226928711
-122.403683, 37.62943, 95.686149597168
-122.401061, 37.62943, 98.8037490844727
-122.403683, 37.631516, 96.6178207397461
-122.398438, 37.62943, 98.1368179321289
-122.398438, 37.631516, 97.5386352539063
-122.406306, 37.633602, 95.6379013061523
-122.403683, 37.633602, 96.2037200927734
-122.40106, 37.633602, 96.053352355957
-122.403683, 37.635688, 94.3882369995117
-122.398438, 37.633602, 95.1686706542969
-122.398437, 37.635688, 91.5222396850586
-122.374841, 37.639859, 83.8939819335938
-122.369595, 37.639859, 89.6413650512695
-122.364349, 37.639858, 98.9628982543945
-122.374841, 37.64403, 82.1950759887695
-122.369595, 37.64403, 87.316276550293
-122.364348, 37.64403, 95.6521377563477
-122.374841, 37.637773, 85.1092987060547
-122.372218, 37.637773, 87.9259567260742
-122.369595, 37.637773, 91.2900390625
-122.372218, 37.639859, 86.58984375
-122.366972, 37.637773, 96.6285171508789
-122.364349, 37.637773, 101.423667907715
-122.366972, 37.639859, 93.9685134887695
-122.374841, 37.641945, 82.9233016967773
-122.372218, 37.641945, 85.3903579711914
-122.369595, 37.641945, 88.1731262207031
-122.372218, 37.64403, 84.5441131591797
-122.366972, 37.641944, 92.1949081420898
-122.364349, 37.641944, 97.0833206176758
-122.366971, 37.64403, 91.281494140625
-122.359106, 37.627344, 89.3007202148438
-122.353861, 37.627343, 83.9111633300781
-122.364351, 37.631515, 103.312919616699
-122.359105, 37.631515, 93.5104522705078
-122.35386, 37.631515, 86.7439727783203
-122.364351, 37.635687, 103.064765930176
-122.359105, 37.635687, 97.916145324707
-122.35386, 37.635686, 89.6910552978516
-122.361728, 37.62943, 96.2194213867188
-122.359106, 37.629429, 90.9577713012695
-122.361728, 37.631515, 99.1430587768555
-122.356483, 37.627343, 86.3679046630859
-122.356483, 37.629429, 87.7703475952148
-122.35386, 37.629429, 85.2115249633789
-122.356483, 37.631515, 89.4456939697266
-122.364351, 37.633601, 102.817443847656
-122.361728, 37.633601, 100.582511901855
-122.359105, 37.633601, 95.9309768676758
-122.361728, 37.635687, 100.115615844727
-122.356483, 37.633601, 91.5386199951172
-122.35386, 37.633601, 87.8138275146484
-122.356482, 37.635687, 93.5189971923828
-122.416793, 37.619002, 78.0672149658203
-122.411549, 37.619001, 80.1077346801758
-122.406305, 37.619001, 82.1714935302734
-122.416793, 37.623173, 80.1716079711914
-122.411549, 37.623173, 83.0592422485352
-122.406304, 37.623173, 85.7355804443359
-122.416793, 37.627345, 82.9589004516602
-122.411548, 37.627345, 86.0099258422852
-122.406303, 37.627344, 91.0676422119141
-122.414171, 37.619002, 79.128791809082
-122.416793, 37.621087, 79.1405944824219
-122.414171, 37.621087, 80.3849716186523
-122.411549, 37.621087, 81.5656661987305
-122.414171, 37.623173, 81.5822143554688
-122.408927, 37.619001, 81.1013107299805
-122.408927, 37.621087, 82.6620254516602
-122.408926, 37.623173, 84.4106979370117
-122.416793, 37.625259, 81.2557067871094
-122.414171, 37.625259, 82.7798690795898
-122.411549, 37.625259, 84.4361343383789
-122.414171, 37.627345, 84.0757675170898
-122.408926, 37.625259, 86.3982620239258
-122.408926, 37.627344, 88.4220428466797
-122.395818, 37.585629, 89.2964859008789
-122.390576, 37.585629, 82.5506210327148
-122.385334, 37.585628, 85.2112274169922
-122.395818, 37.589801, 83.2291641235352
-122.390576, 37.5898, 90.8631057739258
-122.385334, 37.5898, 90.2941131591797
-122.393197, 37.585629, 90.1340866088867
-122.395818, 37.587715, 86.4926986694336
-122.393197, 37.587715, 92.1484756469727
-122.390576, 37.587715, 85.9414215087891
-122.393197, 37.5898, 91.1741714477539
-122.387955, 37.585629, 83.9067993164063
-122.387955, 37.587714, 85.6303329467773
-122.387955, 37.5898, 87.6089477539063
-122.395818, 37.591886, 82.7032089233398
-122.393197, 37.591886, 86.9212112426758
-122.390576, 37.591886, 94.1402740478516
-122.387954, 37.591886, 89.7190704345703
-122.385331, 37.577286, 78.648551940918
-122.380089, 37.577286, 79.5783996582031
-122.374848, 37.577285, 80.1274032592773
-122.385331, 37.581457, 81.7632369995117
-122.380089, 37.581457, 83.1595687866211
-122.374847, 37.581457, 83.9890670776367
-122.38271, 37.577286, 79.1451416015625
-122.385331, 37.579372, 80.1648178100586
-122.38271, 37.579372, 80.7815170288086
-122.380089, 37.579371, 81.2666091918945
-122.38271, 37.581457, 82.5815277099609
-122.377468, 37.577285, 79.9606781005859
-122.377468, 37.579371, 81.7469177246094
-122.374847, 37.579371, 81.9600143432617
-122.377468, 37.581457, 83.7094650268555
-122.385331, 37.583543, 83.4797286987305
-122.38271, 37.583543, 84.5287475585938
-122.380089, 37.583543, 85.2336349487305
-122.377468, 37.583543, 86.1194000244141
-122.374847, 37.583543, 86.6058654785156
-122.369604, 37.585628, 90.6474761962891
-122.364362, 37.585628, 91.2204132080078
-122.374847, 37.5898, 96.1940612792969
-122.369604, 37.5898, 95.6335983276367
-122.364362, 37.5898, 94.8508987426758
-122.374847, 37.593972, 93.8275299072266
-122.369604, 37.593972, 91.9284744262695
-122.364361, 37.593971, 90.2809600830078
-122.372225, 37.585628, 90.2649917602539
-122.372225, 37.587714, 93.5535888671875
-122.369604, 37.587714, 93.6541061401367
-122.372225, 37.5898, 95.9653549194336
-122.366983, 37.585628, 90.9667587280273
-122.366983, 37.587714, 93.6386947631836
-122.364362, 37.587714, 93.5519409179688
-122.366983, 37.5898, 95.2124786376953
-122.372225, 37.591886, 96.1804733276367
-122.369604, 37.591886, 95.2906036376953
-122.372225, 37.593972, 92.8379440307617
-122.366983, 37.591886, 94.411247253418
-122.364362, 37.591885, 93.5569915771484
-122.366983, 37.593971, 91.0838088989258
-122.359117, 37.593971, 88.7959518432617
-122.353875, 37.593971, 87.9245452880859
-122.359117, 37.598143, 82.9460525512695
-122.353874, 37.598142, 82.8695373535156
-122.36436, 37.602314, 82.5192947387695
-122.359117, 37.602314, 85.0001373291016
-122.353874, 37.602314, 87.1084213256836
-122.361739, 37.593971, 89.5152282714844
-122.361739, 37.596057, 86.2542343139648
-122.359117, 37.596057, 85.697509765625
-122.361739, 37.598143, 83.3628616333008
-122.356496, 37.593971, 88.1177749633789
-122.356496, 37.596057, 85.1670684814453
-122.353875, 37.596056, 85.2484970092773
-122.356496, 37.598142, 82.7138595581055
-122.361739, 37.600228, 81.8998947143555
-122.359117, 37.600228, 82.8766708374023
-122.361738, 37.602314, 83.8984375
-122.356495, 37.600228, 83.8757095336914
-122.353874, 37.600228, 84.6324234008789
-122.356495, 37.602314, 86.1420059204102
-122.348628, 37.602314, 89.2770690917969
-122.343385, 37.602313, 91.2839813232422
-122.348628, 37.606485, 96.4834365844727
-122.343384, 37.606485, 96.3210144042969
-122.353871, 37.610657, 100.20450592041
-122.348628, 37.610657, 95.7561264038086
-122.343384, 37.610657, 92.5643920898438
-122.35125, 37.602314, 88.2230224609375
-122.35125, 37.6044, 91.9205093383789
-122.348628, 37.6044, 92.9928131103516
-122.35125, 37.606485, 95.9153671264648
-122.346007, 37.602314, 90.317756652832
-122.346006, 37.604399, 93.8983840942383
-122.343385, 37.604399, 94.5019226074219
-122.346006, 37.606485, 97.7319259643555
-122.351249, 37.608571, 101.363334655762
-122.348628, 37.608571, 97.9320831298828
-122.351249, 37.610657, 97.8848114013672
-122.346006, 37.608571, 96.9546585083008
-122.343384, 37.608571, 95.8030700683594
-122.346006, 37.610657, 94.0728912353516
-122.338136, 37.610656, 89.901496887207
-122.332893, 37.610656, 87.8625030517578
-122.338136, 37.614828, 84.1374206542969
-122.332892, 37.614828, 82.7609252929688
-122.34338, 37.619, 81.2191467285156
-122.338136, 37.619, 80.1487884521484
-122.332891, 37.618999, 79.1348419189453
-122.340758, 37.610656, 91.1882247924805
-122.340758, 37.612742, 87.6855773925781
-122.338136, 37.612742, 86.645622253418
-122.340758, 37.614828, 84.9321517944336
-122.335515, 37.610656, 88.7178649902344
-122.335514, 37.612742, 85.6891479492188
-122.332892, 37.612742, 85.0657730102539
-122.335514, 37.614828, 83.4713516235352
-122.340758, 37.616914, 82.7483596801758
-122.338136, 37.616914, 82.0542831420898
-122.340758, 37.619, 80.753044128418
-122.335514, 37.616914, 81.4677505493164
-122.332892, 37.616913, 80.8661880493164
-122.335514, 37.618999, 79.6293411254883
-122.406306, 37.639859, 93.6400985717773
-122.40106, 37.639859, 87.3865661621094
-122.395814, 37.639859, 84.2297286987305
-122.406306, 37.644031, 92.3178558349609
-122.40106, 37.644031, 86.0741806030273
-122.395814, 37.64403, 81.0299530029297
-122.406306, 37.637774, 94.8364639282227
-122.403683, 37.637774, 92.4248809814453
-122.40106, 37.637773, 89.7585754394531
-122.403683, 37.639859, 90.6210708618164
-122.398437, 37.637773, 88.1474304199219
-122.398437, 37.639859, 85.3063049316406
-122.406306, 37.641945, 92.917854309082
-122.403683, 37.641945, 89.8407745361328
-122.40106, 37.641945, 86.4921340942383
-122.403683, 37.644031, 89.3014068603516
-122.398437, 37.641945, 83.4576263427734
-122.398437, 37.644031, 83.1520690917969
-122.416793, 37.631516, 87.6951904296875
-122.411548, 37.631516, 90.9371948242188
-122.406303, 37.631516, 95.5927124023438
-122.416793, 37.635688, 92.4423751831055
-122.411548, 37.635688, 94.4053726196289
-122.406302, 37.635687, 95.6793518066406
-122.416793, 37.62943, 85.1898498535156
-122.414171, 37.62943, 86.5362319946289
-122.411548, 37.62943, 88.0274887084961
-122.414171, 37.631516, 89.2424774169922
-122.408926, 37.62943, 90.4039535522461
-122.408925, 37.631516, 92.7035293579102
-122.416793, 37.633602, 90.3302536010742
-122.414171, 37.633602, 91.937614440918
-122.411548, 37.633602, 93.3935241699219
-122.414171, 37.635688, 93.5551071166992
-122.408925, 37.633602, 94.6761245727539
-122.408925, 37.635688, 94.9027099609375
-122.374841, 37.648202, 81.6716537475586
-122.369594, 37.648202, 86.2986068725586
-122.364348, 37.648202, 93.6831359863281
-122.374841, 37.652374, 81.1067047119141
-122.369594, 37.652373, 85.4835357666016
-122.364347, 37.652373, 92.1683044433594
-122.374841, 37.646116, 81.8490142822266
-122.372218, 37.646116, 84.1271514892578
-122.369594, 37.646116, 86.7391052246094
-122.372217, 37.648202, 83.8563995361328
-122.366971, 37.646116, 90.4389801025391
-122.364348, 37.646116, 94.52197265625
-122.366971, 37.648202, 89.8124237060547
-122.374841, 37.650288, 81.3715209960938
-122.372217, 37.650288, 83.4917297363281
-122.369594, 37.650288, 85.8847351074219
-122.372217, 37.652374, 83.1582641601563
-122.366971, 37.650288, 89.2191467285156
-122.364347, 37.650287, 92.9008560180664
-122.366971, 37.652373, 88.6557006835938
-122.359104, 37.635687, 97.9143829345703
-122.353858, 37.635686, 89.6894760131836
-122.36435, 37.639858, 98.9620819091797
-122.359104, 37.639858, 97.5857543945313
-122.353858, 37.639858, 94.5687484741211
-122.36435, 37.64403, 95.6502685546875
-122.359103, 37.64403, 97.5042114257813
-122.353857, 37.64403, 95.8036193847656
-122.361727, 37.637773, 100.231307983398
-122.359104, 37.637773, 98.409538269043
-122.361727, 37.639858, 99.7951202392578
-122.356481, 37.635687, 93.51708984375
-122.356481, 37.637772, 95.7477416992188
-122.353858, 37.637772, 91.8781356811523
-122.356481, 37.639858, 96.9572677612305
-122.361727, 37.641944, 98.712287902832
-122.359104, 37.641944, 97.9089736938477
-122.361726, 37.64403, 97.8632659912109
-122.356481, 37.641944, 96.6443023681641
-122.353858, 37.641944, 96.0885162353516
-122.35648, 37.64403, 96.0810470581055
-122.348616, 37.627343, 80.4105682373047
-122.343371, 37.627343, 77.3598251342773
-122.353861, 37.631515, 86.7445297241211
-122.348616, 37.631515, 82.291130065918
-122.34337, 37.631514, 78.7774200439453
-122.353861, 37.635686, 89.6926345825195
-122.348615, 37.635686, 84.4524917602539
-122.34337, 37.635686, 81.2655715942383
-122.351238, 37.627343, 81.9941253662109
-122.351238, 37.629429, 83.3330993652344
-122.348616, 37.629429, 81.466911315918
-122.351238, 37.631515, 84.408317565918
-122.345993, 37.627343, 78.8536911010742
-122.345993, 37.629429, 79.69677734375
-122.343371, 37.629429, 78.0420227050781
-122.345993, 37.631515, 80.3767395019531
-122.351238, 37.633601, 85.2394790649414
-122.348615, 37.633601, 83.1078720092773
-122.351238, 37.635686, 86.5263214111328
-122.345993, 37.6336, 81.2654876708984
-122.34337, 37.6336, 79.8667755126953
-122.345992, 37.635686, 82.7687911987305
-122.406306, 37.585629, 74.5847702026367
-122.401064, 37.585629, 77.086181640625
-122.395822, 37.585628, 89.2888412475586
-122.406306, 37.589801, 75.7077407836914
-122.401063, 37.5898, 78.6454544067383
-122.395821, 37.5898, 83.2222290039063
-122.406306, 37.593972, 76.3651123046875
-122.401063, 37.593972, 79.5600051879883
-122.395821, 37.593972, 83.3150177001953
-122.403685, 37.585629, 75.8132705688477
-122.406306, 37.587715, 75.1984176635742
-122.403685, 37.587715, 76.5377426147461
-122.401064, 37.587715, 77.9412689208984
-122.403685, 37.5898, 77.1472625732422
-122.398443, 37.585629, 82.2458190917969
-122.398443, 37.587714, 79.5908966064453
-122.398442, 37.5898, 80.2056350708008
-122.406306, 37.591886, 76.0877075195313
-122.403685, 37.591886, 77.6072845458984
-122.401063, 37.591886, 79.1849746704102
-122.403684, 37.593972, 77.9239883422852
-122.398442, 37.591886, 80.8789291381836
-122.398442, 37.593972, 81.3630218505859
-122.395818, 37.577286, 88.5642166137695
-122.390577, 37.577286, 77.8154220581055
-122.385335, 37.577285, 78.6471710205078
-122.395818, 37.581457, 89.8151092529297
-122.390576, 37.581457, 79.7175140380859
-122.385335, 37.581457, 81.7613830566406
-122.393197, 37.577286, 83.8455352783203
-122.395818, 37.579372, 89.2477416992188
-122.393197, 37.579372, 84.7328109741211
-122.390577, 37.579371, 78.4260787963867
-122.393197, 37.581457, 85.6140899658203
-122.387956, 37.577285, 77.9864044189453
-122.387956, 37.579371, 79.358528137207
-122.387956, 37.581457, 80.76220703125
-122.395818, 37.583543, 89.9068222045898
-122.393197, 37.583543, 87.3290786743164
-122.390576, 37.583543, 81.1182632446289
-122.387955, 37.583543, 82.2580490112305
-122.374847, 37.577285, 80.1275177001953
-122.369605, 37.577285, 80.6819534301758
-122.364364, 37.577285, 81.152214050293
-122.369605, 37.581457, 84.8083038330078
-122.364363, 37.581456, 85.6469116210938
-122.372226, 37.577285, 80.4047317504883
-122.372226, 37.579371, 82.2501907348633
-122.369605, 37.579371, 82.5259170532227
-122.372226, 37.581457, 84.3465576171875
-122.366984, 37.577285, 80.9027633666992
-122.366984, 37.579371, 82.867073059082
-122.364363, 37.579371, 83.2781982421875
-122.366984, 37.581457, 85.2400665283203
-122.372226, 37.583543, 87.1007919311523
-122.369605, 37.583543, 87.5547714233398
-122.366984, 37.583542, 87.9681777954102
-122.364363, 37.583542, 88.3404312133789
-122.35912, 37.585628, 91.4719543457031
-122.353878, 37.585628, 91.6524124145508
-122.35912, 37.589799, 93.7489547729492
-122.353878, 37.589799, 92.5410614013672
-122.364362, 37.593971, 90.2813262939453
-122.35912, 37.593971, 88.7965240478516
-122.353877, 37.593971, 87.9246444702148
-122.361741, 37.585628, 91.4002304077148
-122.361741, 37.587714, 93.4038467407227
-122.35912, 37.587714, 93.2020034790039
-122.361741, 37.5898, 94.3152542114258
-122.356499, 37.585628, 91.4636306762695
-122.356499, 37.587714, 92.9509429931641
-122.353878, 37.587713, 92.6504287719727
-122.356499, 37.589799, 93.1542816162109
-122.361741, 37.591885, 92.73583984375
-122.35912, 37.591885, 91.9511260986328
-122.361741, 37.593971, 89.5158233642578
-122.356499, 37.591885, 91.2039108276367
-122.353877, 37.591885, 90.62939453125
-122.356498, 37.593971, 88.1183166503906
-122.353871, 37.593971, 87.92431640625
-122.348629, 37.593971, 86.8831176757813
-122.343386, 37.59397, 85.8405075073242
-122.353871, 37.598142, 82.8694534301758
-122.348628, 37.598142, 83.7225494384766
-122.343385, 37.598142, 85.0980453491211
-122.35125, 37.593971, 87.435173034668
-122.35125, 37.596056, 84.8677215576172
-122.348629, 37.596056, 84.4052810668945
-122.35125, 37.598142, 83.1322937011719
-122.346007, 37.59397, 86.3520126342773
-122.346007, 37.596056, 83.9602508544922
-122.343386, 37.596056, 83.5302200317383
-122.346007, 37.598142, 84.2481002807617
-122.35125, 37.600228, 85.4050750732422
-122.348628, 37.600228, 86.0411911010742
-122.346007, 37.600228, 87.0234146118164
-122.343385, 37.600228, 87.9753952026367
-122.338142, 37.602313, 92.7690963745117
-122.332898, 37.602313, 93.3493041992188
-122.343385, 37.606485, 96.3210906982422
-122.338141, 37.606485, 95.1709747314453
-122.332898, 37.606484, 93.2759475708008
-122.343385, 37.610657, 92.5650405883789
-122.338141, 37.610656, 89.9036865234375
-122.332897, 37.610656, 87.8643035888672
-122.340763, 37.602313, 92.1103591918945
-122.340763, 37.604399, 94.92529296875
-122.338142, 37.604399, 94.7518005371094
-122.340763, 37.606485, 95.86962890625
-122.33552, 37.602313, 93.1940994262695
-122.33552, 37.604399, 94.5225982666016
-122.332898, 37.604399, 94.1036758422852
-122.33552, 37.606485, 94.3095779418945
-122.340763, 37.608571, 94.5455169677734
-122.338141, 37.608571, 93.2776336669922
-122.340763, 37.610657, 91.190544128418
-122.335519, 37.60857, 91.9872360229492
-122.332898, 37.60857, 90.8710632324219
-122.335519, 37.610656, 88.7198638916016
-122.406306, 37.648203, 92.1012420654297
-122.401059, 37.648202, 86.9701995849609
-122.395813, 37.648202, 81.9285736083984
-122.406306, 37.652374, 92.2014236450195
-122.401059, 37.652374, 89.4493713378906
-122.395812, 37.652374, 85.4592895507813
-122.406306, 37.646117, 92.1695556640625
-122.403683, 37.646117, 89.3767929077148
-122.401059, 37.646117, 86.2341995239258
-122.403683, 37.648202, 89.8093566894531
-122.398436, 37.646116, 83.350700378418
-122.395813, 37.646116, 81.1995468139648
-122.398436, 37.648202, 84.2767715454102
-122.406306, 37.650288, 92.2908630371094
-122.403682, 37.650288, 90.5880508422852
-122.401059, 37.650288, 88.0049209594727
-122.403682, 37.652374, 91.3922348022461
-122.398436, 37.650288, 85.565055847168
-122.395813, 37.650288, 83.2826538085938
-122.398436, 37.652374, 87.0887908935547
-122.416793, 37.639859, 92.9383850097656
-122.411548, 37.639859, 92.8835220336914
-122.406302, 37.639859, 93.6365356445313
-122.416793, 37.644031, 89.1963729858398
-122.411547, 37.644031, 92.5956649780273
-122.406301, 37.64403, 92.3134231567383
-122.416793, 37.637774, 93.2968597412109
-122.414171, 37.637774, 93.7789001464844
-122.411548, 37.637773, 93.9107971191406
-122.41417, 37.639859, 92.7497253417969
-122.408925, 37.637773, 94.6218338012695
-122.408925, 37.639859, 94.4245529174805
-122.416793, 37.641945, 91.506462097168
-122.41417, 37.641945, 90.6527709960938
-122.411547, 37.641945, 92.8044738769531
-122.41417, 37.644031, 90.5864410400391
-122.408924, 37.641945, 94.1382446289063
-122.408924, 37.644031, 93.6954345703125
-122.427281, 37.627345, 79.1807022094727
-122.422036, 37.627345, 80.9686050415039
-122.416791, 37.627344, 82.9594192504883
-122.427281, 37.631516, 82.7791976928711
-122.422036, 37.631516, 85.0049743652344
-122.41679, 37.631516, 87.6962509155273
-122.427281, 37.635688, 86.9567031860352
-122.422035, 37.635688, 89.7267761230469
-122.41679, 37.635687, 92.4436569213867
-122.424658, 37.627345, 80.0202941894531
-122.427281, 37.62943, 80.9091186523438
-122.424658, 37.62943, 81.8594360351563
-122.422036, 37.62943, 82.884521484375
-122.424658, 37.631516, 83.8463973999023
-122.419414, 37.627344, 81.9583587646484
-122.419413, 37.62943, 83.9845581054688
-122.419413, 37.631516, 86.2884750366211
-122.427281, 37.633602, 84.7849578857422
-122.424658, 37.633602, 86.0073623657227
-122.422036, 37.633602, 87.3366775512695
-122.424658, 37.635688, 88.3021697998047
-122.419413, 37.633602, 88.7794952392578
-122.419413, 37.635688, 91.171028137207
-122.374841, 37.656545, 83.5302886962891
-122.369594, 37.656545, 87.5416030883789
-122.364347, 37.656545, 92.4748382568359
-122.374841, 37.660717, 87.2713088989258
-122.369593, 37.660717, 90.8635559082031
-122.364346, 37.660716, 92.3336181640625
-122.374841, 37.654459, 82.0161437988281
-122.372217, 37.654459, 83.7061309814453
-122.369594, 37.654459, 86.110725402832
-122.372217, 37.656545, 85.4831008911133
-122.36697, 37.654459, 89.0768432617188
-122.364347, 37.654459, 92.0482788085938
-122.36697, 37.656545, 89.9482040405273
-122.374841, 37.658631, 85.4015274047852
-122.372217, 37.658631, 87.2256546020508
-122.369593, 37.658631, 89.4500503540039
-122.372217, 37.660717, 88.9768524169922
-122.36697, 37.658631, 91.3840942382813
-122.364346, 37.65863, 92.7193374633789
-122.36697, 37.660716, 92.0894622802734
-122.359102, 37.64403, 97.5041198730469
-122.353856, 37.64403, 95.8036499023438
-122.359102, 37.648201, 95.9419631958008
-122.353855, 37.648201, 95.0488891601563
-122.364348, 37.652373, 92.1667556762695
-122.359102, 37.652373, 95.1282501220703
-122.353855, 37.652373, 94.7874069213867
-122.361725, 37.646116, 97.0481338500977
-122.359102, 37.646116, 96.5233612060547
-122.361725, 37.648202, 96.2921829223633
-122.356479, 37.64403, 96.0798950195313
-122.356479, 37.646116, 96.4291000366211
-122.353856, 37.646115, 94.4356231689453
-122.356479, 37.648201, 96.0611953735352
-122.361725, 37.650287, 95.54833984375
-122.359102, 37.650287, 95.5575637817383
-122.361725, 37.652373, 94.8221054077148
-122.356478, 37.650287, 95.1945266723633
-122.353855, 37.650287, 95.1816787719727
-122.356478, 37.652373, 94.1209106445313
-122.348613, 37.635686, 84.4508819580078
-122.343367, 37.635686, 81.264533996582
-122.348613, 37.639858, 88.852165222168
-122.343367, 37.639858, 84.7405090332031
-122.353858, 37.64403, 95.8035736083984
-122.348612, 37.644029, 93.6710433959961
-122.343366, 37.644029, 89.2906646728516
-122.351236, 37.637772, 88.928092956543
-122.348613, 37.637772, 86.4403381347656
-122.351236, 37.639858, 91.6067886352539
-122.34599, 37.635686, 82.7673492431641
-122.34599, 37.637772, 84.364631652832
-122.343367, 37.637772, 82.8677062988281
-122.34599, 37.639858, 86.6374053955078
-122.351235, 37.641944, 94.0713195800781
-122.348612, 37.641944, 91.4565963745117
-122.351235, 37.64403, 95.328971862793
-122.345989, 37.641944, 89.0762100219727
-122.343366, 37.641943, 86.9457778930664
-122.345989, 37.644029, 91.5599212646484
-122.406306, 37.577286, 71.818603515625
-122.401064, 37.577286, 79.2849044799805
-122.395823, 37.577285, 88.5657272338867
-122.406306, 37.581457, 73.2173919677734
-122.401064, 37.581457, 78.4901962280273
-122.395822, 37.581457, 89.8122253417969
-122.403685, 37.577286, 74.3249053955078
-122.406306, 37.579372, 72.506217956543
-122.403685, 37.579372, 73.7627182006836
-122.401064, 37.579371, 78.7184448242188
-122.403685, 37.581457, 74.2634811401367
-122.398444, 37.577285, 85.4897537231445
-122.398443, 37.579371, 85.0771865844727
-122.398443, 37.581457, 84.6582260131836
-122.406306, 37.583543, 73.9056777954102
-122.403685, 37.583543, 75.0516586303711
-122.401064, 37.583543, 77.4470901489258
-122.398443, 37.583543, 83.5037002563477
-122.359122, 37.577285, 81.9136352539063
-122.353881, 37.577284, 82.4015579223633
-122.364364, 37.581456, 85.6468276977539
-122.359122, 37.581456, 86.3782577514648
-122.35388, 37.581456, 86.8775634765625
-122.364364, 37.585628, 91.2203750610352
-122.359122, 37.585628, 91.4719924926758
-122.35388, 37.585628, 91.6524505615234
-122.361743, 37.577285, 81.5426483154297
-122.361743, 37.579371, 83.6644973754883
-122.359122, 37.579371, 84.0281295776367
-122.361743, 37.581456, 86.0276336669922
-122.356501, 37.577285, 82.2658309936523
-122.356501, 37.57937, 84.3694763183594
-122.35388, 37.57937, 84.5352249145508
-122.356501, 37.581456, 86.6983261108398
-122.361743, 37.583542, 88.6705551147461
-122.359122, 37.583542, 88.9568557739258
-122.361743, 37.585628, 91.4002227783203
-122.356501, 37.583542, 89.1977157592773
-122.35388, 37.583542, 89.5002593994141
-122.356501, 37.585628, 91.4636840820313
-122.348636, 37.585627, 91.5612564086914
-122.343394, 37.585627, 91.2803115844727
-122.348636, 37.589799, 91.3800964355469
-122.343394, 37.589799, 90.364631652832
-122.353878, 37.593971, 87.9247207641602
-122.348636, 37.593971, 86.8845291137695
-122.343393, 37.59397, 85.8418045043945
-122.351257, 37.585627, 91.6338348388672
-122.351257, 37.587713, 92.3449935913086
-122.348636, 37.587713, 92.051383972168
-122.351257, 37.589799, 91.86328125
-122.346015, 37.585627, 91.4411163330078
-122.346015, 37.587713, 91.7255401611328
-122.343394, 37.587713, 91.3791732788086
-122.346015, 37.589799, 90.8784561157227
-122.351257, 37.591885, 90.0794906616211
-122.348636, 37.591885, 89.4707412719727
-122.351257, 37.593971, 87.436637878418
-122.346015, 37.591885, 88.8788833618164
-122.343393, 37.591884, 88.3045120239258
-122.346014, 37.59397, 86.3533554077148
-122.338143, 37.59397, 84.8709564208984
-122.332901, 37.59397, 83.7853851318359
-122.343386, 37.598142, 85.0978469848633
-122.338143, 37.598142, 86.8093643188477
-122.3329, 37.598141, 88.2719421386719
-122.343386, 37.602313, 91.2836227416992
-122.338143, 37.602313, 92.7689361572266
-122.3329, 37.602313, 93.3493041992188
-122.340765, 37.59397, 85.3471145629883
-122.340765, 37.596056, 83.4566879272461
-122.338143, 37.596056, 84.2153778076172
-122.340765, 37.598142, 85.9646606445313
-122.335522, 37.59397, 84.4109268188477
-122.335522, 37.596056, 84.7772750854492
-122.332901, 37.596056, 85.5572509765625
-122.335522, 37.598142, 87.4568939208984
-122.340765, 37.600228, 88.8894271850586
-122.338143, 37.600227, 89.749382019043
-122.340764, 37.602313, 92.1100540161133
-122.335521, 37.600227, 90.4670639038086
-122.3329, 37.600227, 91.1921157836914
-122.335521, 37.602313, 93.1939926147461
-122.327655, 37.602313, 93.0211486816406
-122.322412, 37.602312, 92.14892578125
-122.327655, 37.606484, 91.3057556152344
-122.322411, 37.606484, 89.2276077270508
-122.332898, 37.610656, 87.8647613525391
-122.327655, 37.610656, 85.9523620605469
-122.322411, 37.610656, 84.3079528808594
-122.330277, 37.602313, 93.2758636474609
-122.330277, 37.604399, 93.5205841064453
-122.327655, 37.604399, 92.838005065918
-122.330277, 37.606484, 92.2947692871094
-122.325034, 37.602313, 92.6343994140625
-122.325033, 37.604398, 92.0803604125977
-122.322412, 37.604398, 91.2732086181641
-122.325033, 37.606484, 90.2549667358398
-122.330277, 37.60857, 89.719482421875
-122.327655, 37.60857, 88.6439056396484
-122.330277, 37.610656, 86.8702011108398
-122.325033, 37.60857, 87.6407699584961
-122.322411, 37.60857, 86.7043075561523
-122.325033, 37.610656, 85.0978317260742
-122.406306, 37.656546, 90.6746673583984
-122.401059, 37.656546, 91.425407409668
-122.395812, 37.656545, 89.5258483886719
-122.406306, 37.660717, 87.9775390625
-122.401058, 37.660717, 89.9616088867188
-122.395811, 37.660717, 90.4573669433594
-122.406306, 37.65446, 91.6031112670898
-122.403682, 37.65446, 91.8048400878906
-122.401059, 37.65446, 90.6059417724609
-122.403682, 37.656546, 91.4977340698242
-122.398435, 37.65446, 89.0490188598633
-122.395812, 37.654459, 87.7414703369141
-122.398435, 37.656545, 90.5816192626953
-122.406306, 37.658631, 89.5493850708008
-122.403682, 37.658631, 90.4496154785156
-122.401059, 37.658631, 91.0394668579102
-122.403682, 37.660717, 89.0499114990234
-122.398435, 37.658631, 91.1494979858398
-122.395811, 37.658631, 90.4786758422852
-122.398435, 37.660717, 90.412467956543
-122.416793, 37.648203, 87.3810195922852
-122.411547, 37.648202, 91.6514205932617
-122.406301, 37.648202, 92.0977172851563
-122.416793, 37.652374, 85.9092254638672
-122.411547, 37.652374, 89.9437026977539
-122.4063, 37.652374, 92.2011566162109
-122.416793, 37.646117, 87.7019805908203
-122.41417, 37.646117, 90.1492385864258
-122.411547, 37.646117, 92.1139755249023
-122.41417, 37.648202, 89.7379455566406
-122.408924, 37.646116, 93.2790451049805
-122.408924, 37.648202, 92.749870300293
-122.416793, 37.650288, 86.853385925293
-122.41417, 37.650288, 88.9878921508789
-122.411547, 37.650288, 90.8467788696289
-122.41417, 37.652374, 87.9679412841797
-122.408924, 37.650288, 92.1460418701172
-122.408923, 37.652374, 91.4574508666992
-122.427281, 37.639859, 90.7562942504883
-122.422035, 37.639859, 92.2951202392578
-122.416789, 37.639859, 92.938606262207
-122.427281, 37.644031, 91.3252410888672
-122.422035, 37.644031, 90.8457794189453
-122.416789, 37.64403, 89.1949462890625
-122.427281, 37.637774, 89.1348266601563
-122.424658, 37.637774, 90.4004592895508
-122.422035, 37.637773, 91.5583267211914
-122.424658, 37.639859, 91.6069030761719
-122.419412, 37.637773, 92.5393371582031
-122.419412, 37.639859, 92.755989074707
-122.427281, 37.641945, 91.4761047363281
-122.424658, 37.641945, 91.8265075683594
-122.422035, 37.641945, 92.0289459228516
-122.424658, 37.644031, 91.22119140625
-122.419412, 37.641945, 91.9461517333984
-122.419412, 37.644031, 90.210807800293
-122.374841, 37.664888, 90.2641983032227
-122.369593, 37.664888, 91.6922302246094
-122.364345, 37.664888, 90.3208618164063
-122.374841, 37.66906, 90.6429214477539
-122.369593, 37.66906, 89.8171005249023
-122.364345, 37.669059, 87.5541534423828
-122.374841, 37.662802, 89.0443649291992
-122.372217, 37.662802, 90.4413070678711
-122.369593, 37.662802, 91.6488189697266
-122.372217, 37.664888, 91.1336669921875
-122.366969, 37.662802, 91.9155578613281
-122.364346, 37.662802, 91.4510040283203
-122.366969, 37.664888, 91.2148056030273
-122.374841, 37.666974, 90.8046569824219
-122.372217, 37.666974, 91.0491333007813
-122.369593, 37.666974, 90.9007339477539
-122.372217, 37.66906, 90.4309310913086
-122.366969, 37.666974, 90.3030090332031
-122.364345, 37.666974, 89.0307769775391
-122.366969, 37.66906, 88.8160781860352
-122.3591, 37.652373, 95.1279144287109
-122.353854, 37.652373, 94.7874069213867
-122.3591, 37.656545, 94.23974609375
-122.353853, 37.656544, 92.9333419799805
-122.364347, 37.660716, 92.3336486816406
-122.3591, 37.660716, 93.1885833740234
-122.353853, 37.660716, 92.0785064697266
-122.361724, 37.654459, 94.118034362793
-122.3591, 37.654459, 94.6671295166016
-122.361724, 37.656545, 93.4639129638672
-122.356477, 37.654459, 93.6250686645508
-122.353853, 37.654458, 94.0116958618164
-122.356477, 37.656544, 93.2764663696289
-122.361724, 37.65863, 92.8074722290039
-122.3591, 37.65863, 93.6935424804688
-122.361724, 37.660716, 92.1151885986328
-122.356476, 37.65863, 93.0705490112305
-122.353853, 37.65863, 92.3982620239258
-122.356476, 37.660716, 92.8127593994141
-122.34861, 37.644029, 93.6693496704102
-122.343364, 37.644029, 89.288703918457
-122.353856, 37.648201, 95.0493240356445
-122.34861, 37.648201, 94.2049179077148
-122.343363, 37.648201, 92.9947814941406
-122.353856, 37.652373, 94.7874069213867
-122.348609, 37.652373, 91.9897613525391
-122.343363, 37.652372, 92.7069320678711
-122.351233, 37.646115, 95.0161666870117
-122.34861, 37.646115, 94.6023941040039
-122.351233, 37.648201, 93.6979751586914
-122.345987, 37.644029, 91.5579071044922
-122.345987, 37.646115, 93.3676910400391
-122.343364, 37.646115, 91.5774154663086
-122.345986, 37.648201, 93.9593734741211
-122.351233, 37.650287, 93.5281295776367
-122.34861, 37.650287, 92.8915176391602
-122.351233, 37.652373, 94.0533676147461
-122.345986, 37.650287, 93.4360198974609
-122.343363, 37.650286, 93.3203735351563
-122.345986, 37.652372, 92.1384201049805
-122.338122, 37.635686, 78.9327239990234
-122.332876, 37.635685, 76.9505233764648
-122.338121, 37.639857, 81.8432922363281
-122.332876, 37.639857, 79.1580963134766
-122.343367, 37.644029, 89.2916412353516
-122.338121, 37.644029, 85.3462677001953
-122.332875, 37.644029, 82.2185821533203
-122.340745, 37.635686, 80.0645599365234
-122.340744, 37.637772, 81.4855346679688
-122.338122, 37.637772, 80.3718643188477
-122.340744, 37.639857, 83.1279830932617
-122.335499, 37.635686, 77.9582366943359
-122.335499, 37.637771, 79.2632751464844
-122.332876, 37.637771, 78.0774993896484
-122.335499, 37.639857, 80.509880065918
-122.340744, 37.641943, 85.0629577636719
-122.338121, 37.641943, 83.4128799438477
-122.340744, 37.644029, 87.2086334228516
-122.335498, 37.641943, 81.9291152954102
-122.332875, 37.641943, 80.577262878418
-122.335498, 37.644029, 83.6986846923828
-122.348639, 37.577284, 82.8184204101563
-122.343398, 37.577284, 83.4716949462891
-122.353881, 37.581456, 86.8775787353516
-122.348639, 37.581456, 87.5251846313477
-122.343397, 37.581455, 88.1174392700195
-122.353881, 37.585628, 91.6524429321289
-122.348639, 37.585627, 91.5613708496094
-122.343397, 37.585627, 91.2804870605469
-122.35126, 37.577284, 82.4801864624023
-122.35126, 37.57937, 84.7031402587891
-122.348639, 37.57937, 85.0525817871094
-122.35126, 37.581456, 87.1915969848633
-122.346019, 37.577284, 83.1495742797852
-122.346018, 37.57937, 85.3927154541016
-122.343397, 37.57937, 85.7206954956055
-122.346018, 37.581456, 87.8351287841797
-122.35126, 37.583542, 89.7719192504883
-122.348639, 37.583542, 89.9640808105469
-122.35126, 37.585628, 91.633903503418
-122.346018, 37.583541, 90.0831909179688
-122.343397, 37.583541, 90.1539993286133
-122.346018, 37.585627, 91.4412612915039
-122.338152, 37.585627, 90.8613967895508
-122.33291, 37.585627, 90.5785293579102
-122.338152, 37.589799, 89.3408126831055
-122.33291, 37.589798, 88.2239379882813
-122.343394, 37.59397, 85.8420333862305
-122.338152, 37.59397, 84.8723754882813
-122.332909, 37.59397, 83.7880096435547
-122.340773, 37.585627, 91.0853576660156
-122.340773, 37.587713, 91.0144805908203
-122.338152, 37.587713, 90.6235961914063
-122.340773, 37.589799, 89.8511276245117
-122.335531, 37.585627, 90.8271636962891
-122.335531, 37.587713, 90.3963088989258
-122.33291, 37.587712, 89.989387512207
-122.335531, 37.589798, 88.8311920166016
-122.340773, 37.591884, 87.7476654052734
-122.338152, 37.591884, 87.2080841064453
-122.340773, 37.59397, 85.3485870361328
-122.335531, 37.591884, 86.6855545043945
-122.332909, 37.591884, 85.8245544433594
-122.33553, 37.59397, 84.4123001098633
-122.327658, 37.59397, 84.5997543334961
-122.322416, 37.593969, 85.9739379882813
-122.332901, 37.598141, 88.2717590332031
-122.327658, 37.598141, 89.7181167602539
-122.322415, 37.598141, 90.5987243652344
-122.332901, 37.602313, 93.3492889404297
-122.327658, 37.602313, 93.0214538574219
-122.322414, 37.602312, 92.1493911743164
-122.33028, 37.59397, 83.9011459350586
-122.330279, 37.596056, 86.3218307495117
-122.327658, 37.596055, 87.0598983764648
-122.330279, 37.598141, 89.0349273681641
-122.325037, 37.593969, 85.2908325195313
-122.325037, 37.596055, 87.7582778930664
-122.322415, 37.596055, 88.4080963134766
-122.325036, 37.598141, 90.2726974487305
-122.330279, 37.600227, 91.6830673217773
-122.327658, 37.600227, 91.9402694702148
-122.330279, 37.602313, 93.2760238647461
-122.325036, 37.600227, 92.0089340209961
-122.322415, 37.600227, 91.9082946777344
-122.325036, 37.602313, 92.6347885131836
-122.317169, 37.602312, 91.0639343261719
-122.311926, 37.602312, 89.7512054443359
-122.322412, 37.606484, 89.2278366088867
-122.317169, 37.606484, 87.3394470214844
-122.311925, 37.606484, 85.653678894043
-122.322412, 37.610656, 84.3082962036133
-122.317168, 37.610655, 82.8751983642578
-122.311924, 37.610655, 81.5458221435547
-122.31979, 37.602312, 91.6007461547852
-122.31979, 37.604398, 90.40869140625
-122.317169, 37.604398, 89.6011581420898
-122.31979, 37.606484, 88.2487564086914
-122.314547, 37.602312, 90.4338073730469
-122.314547, 37.604398, 88.7546539306641
-122.311925, 37.604398, 87.891716003418
-122.314547, 37.606484, 86.4775466918945
-122.31979, 37.60857, 85.8283920288086
-122.317168, 37.60857, 85.0114212036133
-122.31979, 37.610656, 83.5691299438477
-122.314547, 37.60857, 84.243537902832
-122.311925, 37.608569, 83.5168380737305
-122.314546, 37.610655, 82.1945571899414
-122.406306, 37.664889, 84.6167907714844
-122.401058, 37.664889, 86.9650497436523
-122.395811, 37.664888, 88.5776672363281
-122.406306, 37.66906, 82.5199737548828
-122.401058, 37.66906, 83.3374481201172
-122.39581, 37.66906, 84.6901397705078
-122.406306, 37.662803, 86.2614288330078
-122.403682, 37.662803, 87.589729309082
-122.401058, 37.662803, 88.7362518310547
-122.403682, 37.664889, 85.9004135131836
-122.398435, 37.662803, 89.3705215454102
-122.395811, 37.662802, 89.904541015625
-122.398434, 37.664888, 87.9351119995117
-122.406306, 37.666974, 83.0846557617188
-122.403682, 37.666974, 84.0648880004883
-122.401058, 37.666974, 85.1014251708984
-122.403682, 37.66906, 82.3743515014648
-122.398434, 37.666974, 86.1255187988281
-122.39581, 37.666974, 86.7587356567383
-122.398434, 37.66906, 84.2186660766602
-122.416793, 37.656546, 84.1780242919922
-122.411546, 37.656546, 87.6920318603516
-122.406299, 37.656545, 90.6777725219727
-122.416793, 37.660717, 81.9818420410156
-122.411546, 37.660717, 85.1241302490234
-122.406299, 37.660717, 87.9811477661133
-122.416793, 37.65446, 85.0334777832031
-122.41417, 37.65446, 87.0303344726563
-122.411547, 37.65446, 89.0298461914063
-122.41417, 37.656546, 85.95166015625
-122.408923, 37.65446, 90.5332260131836
-122.408923, 37.656545, 89.3585205078125
-122.416793, 37.658631, 83.0820922851563
-122.41417, 37.658631, 84.6874008178711
-122.411546, 37.658631, 86.3746185302734
-122.41417, 37.660717, 83.5215759277344
-122.408923, 37.658631, 88.0834426879883
-122.408922, 37.660717, 86.6994400024414
-122.390566, 37.652373, 83.2683334350586
-122.385319, 37.652373, 80.781867980957
-122.390565, 37.656545, 87.0830230712891
-122.385318, 37.656545, 83.4800872802734
-122.395812, 37.660717, 90.4574356079102
-122.390565, 37.660717, 89.2150955200195
-122.385318, 37.660716, 86.4874649047852
-122.393189, 37.652374, 84.3825073242188
-122.393189, 37.654459, 86.3837738037109
-122.390565, 37.654459, 85.2391204833984
-122.393189, 37.656545, 88.3354721069336
-122.387942, 37.652373, 82.3579483032227
-122.387942, 37.654459, 83.703125
-122.385319, 37.654459, 82.2141418457031
-122.387942, 37.656545, 85.3426513671875
-122.393189, 37.658631, 89.7108993530273
-122.390565, 37.658631, 88.55224609375
-122.393189, 37.660717, 90.2825622558594
-122.387942, 37.658631, 86.6211471557617
-122.385318, 37.65863, 84.9173355102539
-122.387941, 37.660716, 87.4055328369141
-122.427281, 37.648203, 88.6484375
-122.422035, 37.648202, 86.6165008544922
-122.416788, 37.648202, 87.3858261108398
-122.427281, 37.652374, 84.4211349487305
-122.422034, 37.652374, 82.5104522705078
-122.416788, 37.652374, 85.9139709472656
-122.427281, 37.646117, 90.3463439941406
-122.424658, 37.646117, 89.7594146728516
-122.422035, 37.646117, 88.8912353515625
-122.424658, 37.648202, 87.6700973510742
-122.419412, 37.646116, 87.8447341918945
-122.419411, 37.648202, 85.5375061035156
-122.427281, 37.650288, 86.5038223266602
-122.424658, 37.650288, 85.4814834594727
-122.422034, 37.650288, 84.4587707519531
-122.424658, 37.652374, 83.4601364135742
-122.419411, 37.650288, 84.7232513427734
-122.419411, 37.652374, 83.9538421630859
-122.437769, 37.635688, 82.4483642578125
-122.432523, 37.635688, 84.5478210449219
-122.427277, 37.635687, 86.9579544067383
-122.437769, 37.639859, 86.2658157348633
-122.432523, 37.639859, 88.6627731323242
-122.427277, 37.639859, 90.757453918457
-122.437769, 37.644031, 89.560432434082
-122.432522, 37.644031, 90.8424987792969
-122.427276, 37.64403, 91.3254089355469
-122.435146, 37.635688, 83.468635559082
-122.437769, 37.637774, 84.2984619140625
-122.435146, 37.637774, 85.4196472167969
-122.432523, 37.637773, 86.6097412109375
-122.435146, 37.639859, 87.4532623291016
-122.4299, 37.635688, 85.7122268676758
-122.4299, 37.637773, 87.8567123413086
-122.4299, 37.639859, 89.7692565917969
-122.437769, 37.641945, 88.2009963989258
-122.435146, 37.641945, 89.2214279174805
-122.432523, 37.641945, 90.1450119018555
-122.435146, 37.644031, 90.289176940918
-122.4299, 37.641945, 90.9200439453125
-122.429899, 37.644031, 91.1860961914063
-122.374841, 37.673231, 88.9256896972656
-122.369592, 37.673231, 86.5818862915039
-122.364344, 37.673231, 86.663215637207
-122.374841, 37.677403, 85.8127059936523
-122.369592, 37.677403, 85.0841674804688
-122.364344, 37.677402, 85.8269958496094
-122.374841, 37.671146, 90.0091247558594
-122.372217, 37.671146, 89.3824691772461
-122.369593, 37.671145, 88.3576965332031
-122.372217, 37.673231, 87.922981262207
-122.366969, 37.671145, 87.0064086914063
-122.364345, 37.671145, 87.101676940918
-122.366968, 37.673231, 85.6509780883789
-122.374841, 37.675317, 87.4926300048828
-122.372216, 37.675317, 86.1918258666992
-122.369592, 37.675317, 85.7505645751953
-122.372216, 37.677403, 84.7794189453125
-122.366968, 37.675317, 85.6053161621094
-122.364344, 37.675317, 86.2380065917969
-122.366968, 37.677403, 85.1977920532227
-122.385328, 37.660717, 86.4917221069336
-122.380081, 37.660717, 84.2309875488281
-122.374834, 37.660716, 87.2755966186523
-122.385328, 37.664888, 87.9514846801758
-122.380081, 37.664888, 87.4815444946289
-122.374833, 37.664888, 90.267204284668
-122.385328, 37.66906, 87.4581832885742
-122.38008, 37.66906, 89.7978973388672
-122.374832, 37.669059, 90.6431121826172
-122.382705, 37.660717, 85.4252014160156
-122.385328, 37.662802, 87.5226593017578
-122.382705, 37.662802, 86.744758605957
-122.380081, 37.662802, 85.8136520385742
-122.382704, 37.664888, 87.5309371948242
-122.377457, 37.660716, 85.5681533813477
-122.377457, 37.662802, 87.3692932128906
-122.377457, 37.664888, 88.995719909668
-122.385328, 37.666974, 87.7986602783203
-122.382704, 37.666974, 87.7267837524414
-122.38008, 37.666974, 88.9088516235352
-122.382704, 37.66906, 88.7916641235352
-122.377457, 37.666974, 90.0293579101563
-122.377456, 37.66906, 90.427978515625
-122.359099, 37.660716, 93.1887283325195
-122.353851, 37.660716, 92.0782165527344
-122.364346, 37.664888, 90.3211059570313
-122.359098, 37.664888, 92.1846389770508
-122.353851, 37.664887, 91.5246810913086
-122.364346, 37.669059, 87.5530395507813
-122.359098, 37.669059, 91.2921981811523
-122.35385, 37.669059, 91.0253677368164
-122.361722, 37.662802, 91.5201644897461
-122.359099, 37.662802, 92.6848602294922
-122.361722, 37.664888, 90.9320907592773
-122.356475, 37.662802, 92.5149841308594
-122.353851, 37.662802, 91.7676239013672
-122.356475, 37.664888, 92.188720703125
-122.361722, 37.666974, 90.3605880737305
-122.359098, 37.666973, 91.6900177001953
-122.361722, 37.669059, 89.8687591552734
-122.356474, 37.666973, 91.8498687744141
-122.353851, 37.666973, 91.2636642456055
-122.356474, 37.669059, 91.5918807983398
-122.348607, 37.652373, 91.9873504638672
-122.34336, 37.652372, 92.7071533203125
-122.353854, 37.656544, 92.9330291748047
-122.348607, 37.656544, 93.0975494384766
-122.34336, 37.656544, 89.589111328125
-122.353854, 37.660716, 92.0787734985352
-122.348606, 37.660716, 92.6176681518555
-122.343359, 37.660715, 90.8256759643555
-122.35123, 37.654458, 94.0484161376953
-122.348607, 37.654458, 92.7672958374023
-122.35123, 37.656544, 93.6489562988281
-122.345983, 37.654458, 90.4184646606445
-122.34336, 37.654458, 91.4327545166016
-122.345983, 37.656544, 91.4399185180664
-122.35123, 37.65863, 92.9461669921875
-122.348607, 37.65863, 93.0141906738281
-122.35123, 37.660716, 91.9949417114258
-122.345983, 37.65863, 92.0060653686523
-122.343359, 37.65863, 90.047981262207
-122.345983, 37.660716, 92.1992797851563
-122.338118, 37.644029, 85.3439102172852
-122.332872, 37.644029, 82.2166748046875
-122.343364, 37.648201, 92.9950714111328
-122.338117, 37.648201, 89.5410308837891
-122.332871, 37.6482, 85.8018493652344
-122.343364, 37.652372, 92.7068099975586
-122.338117, 37.652372, 92.1136322021484
-122.33287, 37.652372, 89.5915603637695
-122.340741, 37.646115, 89.444580078125
-122.338118, 37.646115, 87.4239120483398
-122.340741, 37.648201, 91.4703598022461
-122.335495, 37.644029, 83.6966094970703
-122.335494, 37.646115, 85.5902481079102
-122.332871, 37.646114, 83.9506225585938
-122.335494, 37.6482, 87.5984344482422
-122.340741, 37.650286, 92.571159362793
-122.338117, 37.650286, 91.2774429321289
-122.34074, 37.652372, 92.6963806152344
-122.335494, 37.650286, 89.578254699707
-122.332871, 37.650286, 87.8023910522461
-122.335494, 37.652372, 91.0232086181641
-122.338156, 37.577284, 84.3283843994141
-122.332915, 37.577283, 84.5264663696289
-122.343398, 37.581455, 88.1173782348633
-122.338156, 37.581455, 88.5735855102539
-122.332914, 37.581455, 88.3992767333984
-122.343398, 37.585627, 91.2805709838867
-122.338156, 37.585627, 90.8617095947266
-122.332914, 37.585627, 90.578971862793
-122.340777, 37.577284, 83.9180679321289
-122.340777, 37.57937, 86.0347900390625
-122.338156, 37.57937, 86.3822860717773
-122.340777, 37.581455, 88.3682327270508
-122.335536, 37.577284, 84.5156860351563
-122.335535, 37.579369, 86.5485763549805
-122.332915, 37.579369, 86.5382232666016
-122.335535, 37.581455, 88.4712219238281
-122.340777, 37.583541, 90.1766891479492
-122.338156, 37.583541, 90.1529541015625
-122.340777, 37.585627, 91.0856475830078
-122.335535, 37.583541, 89.9276275634766
-122.332914, 37.583541, 89.7316970825195
-122.335535, 37.585627, 90.8277816772461
-122.327668, 37.585626, 88.5282516479492
-122.322426, 37.585626, 88.1230545043945
-122.327668, 37.589798, 86.4673843383789
-122.322426, 37.589798, 86.1989440917969
-122.33291, 37.59397, 83.7883911132813
-122.327668, 37.59397, 84.5973205566406
-122.322425, 37.593969, 85.9715576171875
-122.330289, 37.585627, 89.5855331420898
-122.330289, 37.587712, 88.8875503540039
-122.327668, 37.587712, 88.0180282592773
-122.330289, 37.589798, 87.2288208007813
-122.325047, 37.585626, 88.3243713378906
-122.325047, 37.587712, 87.8364944458008
-122.322426, 37.587712, 87.6563415527344
-122.325047, 37.589798, 86.3332977294922
-122.330289, 37.591884, 85.0718765258789
-122.327668, 37.591884, 84.234260559082
-122.330289, 37.59397, 83.8986663818359
-122.325046, 37.591884, 84.1519165039063
-122.322425, 37.591884, 84.0685043334961
-122.325046, 37.59397, 85.2884292602539
-122.317173, 37.593969, 87.2826614379883
-122.31193, 37.593969, 88.4208145141602
-122.322416, 37.598141, 90.5986633300781
-122.317173, 37.598141, 90.9676895141602
-122.31193, 37.59814, 90.8331069946289
-122.322416, 37.602312, 92.1496200561523
-122.317172, 37.602312, 91.0647201538086
-122.311929, 37.602312, 89.7521286010742
-122.319794, 37.593969, 86.6411666870117
-122.319794, 37.596055, 89.0157775878906
-122.317173, 37.596055, 89.480339050293
-122.319794, 37.598141, 90.8461837768555
-122.314552, 37.593969, 87.88232421875
-122.314551, 37.596055, 89.8080368041992
-122.31193, 37.596055, 90.0195236206055
-122.314551, 37.598141, 90.9563522338867
-122.319794, 37.600227, 91.7230834960938
-122.317172, 37.600227, 91.488883972168
-122.319794, 37.602312, 91.6014099121094
-122.314551, 37.600226, 91.166748046875
-122.311929, 37.600226, 90.7608642578125
-122.314551, 37.602312, 90.4346771240234
-122.306682, 37.602312, 88.3048095703125
-122.301439, 37.602311, 86.7315216064453
-122.311926, 37.606484, 85.6538619995117
-122.306682, 37.606483, 84.1227188110352
-122.301439, 37.606483, 82.7354888916016
-122.311926, 37.610655, 81.5461044311523
-122.306682, 37.610655, 80.3333053588867
-122.301438, 37.610655, 79.2218627929688
-122.309304, 37.602312, 89.0354309082031
-122.309304, 37.604398, 87.0485229492188
-122.306682, 37.604398, 86.2332992553711
-122.309304, 37.606484, 84.8673629760742
-122.304061, 37.602312, 87.5183792114258
-122.304061, 37.604397, 85.448112487793
-122.301439, 37.604397, 84.6940460205078
-122.30406, 37.606483, 83.4164657592773
-122.309304, 37.608569, 82.8206481933594
-122.306682, 37.608569, 82.1524429321289
-122.309304, 37.610655, 80.9262313842773
-122.30406, 37.608569, 81.5154495239258
-122.301438, 37.608569, 80.9059753417969
-122.30406, 37.610655, 79.7661437988281
-122.390564, 37.660717, 89.2143707275391
-122.385317, 37.660716, 86.4870223999023
-122.390564, 37.664888, 88.1263885498047
-122.385316, 37.664888, 87.9499816894531
-122.395811, 37.66906, 84.6900405883789
-122.390563, 37.66906, 85.814094543457
-122.385315, 37.669059, 87.4664535522461
-122.393187, 37.662802, 89.6936492919922
-122.390564, 37.662802, 88.8691482543945
-122.393187, 37.664888, 88.5124053955078
-122.38794, 37.662802, 88.0928421020508
-122.38794, 37.664888, 88.1543731689453
-122.393187, 37.666974, 86.7005767822266
-122.390563, 37.666974, 87.2136383056641
-122.393187, 37.66906, 84.7997131347656
-122.38794, 37.666974, 87.6362609863281
-122.387939, 37.66906, 86.554801940918
-122.437769, 37.648203, 90.151741027832
-122.432522, 37.648202, 89.8744812011719
-122.427276, 37.648202, 88.6470565795898
-122.437769, 37.652374, 88.0533065795898
-122.432522, 37.652374, 86.3692245483398
-122.427275, 37.652374, 84.4194030761719
-122.437769, 37.646117, 90.2197723388672
-122.435145, 37.646117, 90.5729370117188
-122.432522, 37.646117, 90.7388305664063
-122.435145, 37.648202, 90.1296615600586
-122.429899, 37.646116, 90.6709747314453
-122.429899, 37.648202, 89.3777465820313
-122.437769, 37.650288, 89.4069671630859
-122.435145, 37.650288, 88.9891662597656
-122.432522, 37.650288, 88.3705673217773
-122.435145, 37.652374, 87.2886199951172
-122.429899, 37.650288, 87.4873657226563
-122.429898, 37.652374, 85.4000091552734
-122.385328, 37.673231, 88.1588897705078
-122.38008, 37.673231, 89.8199691772461
-122.374832, 37.673231, 88.923225402832
-122.385328, 37.677403, 87.7105026245117
-122.38008, 37.677403, 87.2386474609375
-122.374831, 37.677402, 85.8084182739258
-122.385328, 37.671146, 88.2232055664063
-122.382704, 37.671146, 89.535285949707
-122.38008, 37.671145, 90.081901550293
-122.382704, 37.673231, 89.468017578125
-122.377456, 37.671145, 90.2297210693359
-122.377456, 37.673231, 89.56201171875
-122.385328, 37.675317, 87.9892807006836
-122.382704, 37.675317, 88.4704513549805
-122.38008, 37.675317, 88.8855438232422
-122.382704, 37.677403, 87.3502807617188
-122.377456, 37.675317, 88.4817810058594
-122.377456, 37.677403, 86.8572463989258
-122.364346, 37.673231, 86.6616287231445
-122.359098, 37.673231, 90.490966796875
-122.35385, 37.67323, 90.6417694091797
-122.364346, 37.677402, 85.8249816894531
-122.359098, 37.677402, 89.6800155639648
-122.353849, 37.677402, 90.2995834350586
-122.361722, 37.671145, 89.4041976928711
-122.359098, 37.671145, 90.8973770141602
-122.361722, 37.673231, 88.9500961303711
-122.356474, 37.671145, 91.3254623413086
-122.35385, 37.671145, 90.9332656860352
-122.356474, 37.673231, 91.0464401245117
-122.361722, 37.675317, 88.4987640380859
-122.359098, 37.675317, 90.0869522094727
-122.361722, 37.677402, 88.0467910766602
-122.356474, 37.675316, 90.7565536499023
-122.353849, 37.675316, 90.4719009399414
-122.356473, 37.677402, 90.4485397338867
-122.348604, 37.660716, 92.6177139282227
-122.343357, 37.660715, 90.8240509033203
-122.348604, 37.664887, 91.1214828491211
-122.343356, 37.664887, 91.4384918212891
-122.353851, 37.669059, 91.0253143310547
-122.348603, 37.669059, 89.1731796264648
-122.343356, 37.669058, 91.0695571899414
-122.351228, 37.662802, 90.8580551147461
-122.348604, 37.662801, 91.9750213623047
-122.351228, 37.664887, 90.7574844360352
-122.34598, 37.662801, 92.0619735717773
-122.343356, 37.662801, 91.2556457519531
-122.34598, 37.664887, 91.7120895385742
-122.351228, 37.666973, 90.6630783081055
-122.348604, 37.666973, 90.1439437866211
-122.351227, 37.669059, 90.5402374267578
-122.34598, 37.666973, 91.2075653076172
-122.343356, 37.666973, 91.3627166748047
-122.34598, 37.669059, 90.4767227172852
-122.338114, 37.652372, 92.1125106811523
-122.332867, 37.652372, 89.5895767211914
-122.338113, 37.656544, 91.437385559082
-122.332866, 37.656543, 91.2922058105469
-122.34336, 37.660715, 90.8264923095703
-122.338113, 37.660715, 88.4799728393555
-122.332866, 37.660715, 90.4452896118164
-122.340737, 37.654458, 92.0148849487305
-122.338113, 37.654458, 92.0481262207031
-122.340737, 37.656544, 90.7466506958008
-122.33549, 37.654458, 91.623291015625
-122.332867, 37.654458, 90.7811126708984
-122.33549, 37.656543, 91.5876007080078
-122.340737, 37.658629, 88.9867401123047
-122.338113, 37.658629, 90.2064514160156
-122.340737, 37.660715, 88.6820526123047
-122.33549, 37.658629, 90.9428176879883
-122.332866, 37.658629, 91.1612777709961
-122.335489, 37.660715, 89.6876983642578
-122.327673, 37.577283, 83.209831237793
-122.322432, 37.577283, 82.8355484008789
-122.332915, 37.581455, 88.3993682861328
-122.327673, 37.581455, 86.8686141967773
-122.322431, 37.581455, 86.540168762207
-122.332915, 37.585627, 90.5791244506836
-122.327673, 37.585627, 88.5286178588867
-122.322431, 37.585626, 88.123405456543
-122.330294, 37.577283, 84.0634994506836
-122.330294, 37.579369, 85.912712097168
-122.327673, 37.579369, 85.0746841430664
-122.330294, 37.581455, 87.6512145996094
-122.325053, 37.577283, 82.9214401245117
-122.325052, 37.579369, 84.9569854736328
-122.322432, 37.579369, 84.8389587402344
-122.325052, 37.581455, 86.7039031982422
-122.330294, 37.583541, 88.8133544921875
-122.327673, 37.583541, 88.0478668212891
-122.330294, 37.585627, 89.5879058837891
-122.325052, 37.583541, 87.853157043457
-122.322431, 37.58354, 87.66064453125
-122.325052, 37.585626, 88.3247375488281
-122.322416, 37.585626, 88.1222457885742
-122.317174, 37.585626, 87.726921081543
-122.311931, 37.585626, 87.1033020019531
-122.322416, 37.589798, 86.1984405517578
-122.317173, 37.589798, 85.9287338256836
-122.311931, 37.589797, 85.5315017700195
-122.319795, 37.585626, 87.9233932495117
-122.319794, 37.587712, 87.4767608642578
-122.317173, 37.587712, 87.2992553710938
-122.319794, 37.589798, 86.0636596679688
-122.314553, 37.585626, 87.5578002929688
-122.314552, 37.587712, 87.1236343383789
-122.311931, 37.587711, 86.6550064086914
-122.314552, 37.589797, 85.7879867553711
-122.319794, 37.591883, 84.3560409545898
-122.317173, 37.591883, 84.9914093017578
-122.314552, 37.591883, 85.6216049194336
-122.311931, 37.591883, 86.2357025146484
-122.306688, 37.593969, 89.0680084228516
-122.301445, 37.593968, 89.2971725463867
-122.306687, 37.59814, 90.3174133300781
-122.301444, 37.59814, 89.5112991333008
-122.31193, 37.602312, 89.75244140625
-122.306687, 37.602312, 88.3060989379883
-122.301444, 37.602312, 86.7328872680664
-122.309309, 37.593969, 88.7913284301758
-122.309309, 37.596055, 90.1126022338867
-122.306688, 37.596054, 90.0935821533203
-122.309309, 37.59814, 90.6160125732422
-122.304066, 37.593969, 89.2412567138672
-122.304066, 37.596054, 89.9768676757813
-122.301445, 37.596054, 89.778694152832
-122.304066, 37.59814, 89.9469299316406
-122.309309, 37.600226, 90.2700119018555
-122.306687, 37.600226, 89.7155914306641
-122.309309, 37.602312, 89.0367202758789
-122.304066, 37.600226, 89.1099319458008
-122.301444, 37.600226, 88.4676055908203
-122.304065, 37.602312, 87.519775390625
-122.448256, 37.644031, 85.3986663818359
-122.44301, 37.644031, 87.747444152832
-122.437764, 37.64403, 89.5616455078125
-122.448256, 37.648203, 87.4787292480469
-122.44301, 37.648202, 89.6261901855469
-122.437763, 37.648202, 90.1519927978516
-122.448256, 37.652374, 87.677375793457
-122.443009, 37.652374, 88.7123718261719
-122.437763, 37.652374, 88.0522613525391
-122.445633, 37.644031, 86.6692581176758
-122.448256, 37.646117, 86.7368469238281
-122.445633, 37.646117, 88.1598510742188
-122.44301, 37.646117, 89.0024261474609
-122.445633, 37.648202, 88.9214096069336
-122.440387, 37.644031, 88.6964797973633
-122.440387, 37.646116, 89.6911544799805
-122.440387, 37.648202, 89.9752426147461
-122.448256, 37.650288, 87.6598358154297
-122.445633, 37.650288, 88.8780746459961
-122.44301, 37.650288, 89.5728302001953
-122.445633, 37.652374, 88.0366134643555
-122.440386, 37.650288, 89.6020889282227
-122.440386, 37.652374, 88.593147277832
-122.364346, 37.681574, 85.0380249023438
-122.359097, 37.681574, 88.8783187866211
-122.353848, 37.681573, 89.8980560302734
-122.364346, 37.685745, 84.1117553710938
-122.359097, 37.685745, 87.7018966674805
-122.353848, 37.685745, 88.8347854614258
-122.364346, 37.679488, 85.4258804321289
-122.361722, 37.679488, 87.6057510375977
-122.359097, 37.679488, 89.2776794433594
-122.361722, 37.681574, 87.1755142211914
-122.356473, 37.679488, 90.1334686279297
-122.353849, 37.679488, 90.1072540283203
-122.356473, 37.681574, 89.8121185302734
-122.364346, 37.68366, 84.6608352661133
-122.361722, 37.68366, 86.7558746337891
-122.359097, 37.68366, 88.4845275878906
-122.361721, 37.685745, 86.0308074951172
-122.356473, 37.683659, 89.487190246582
-122.353848, 37.683659, 89.6632232666016
-122.356472, 37.685745, 88.6572647094727
-122.348602, 37.669059, 89.1724014282227
-122.343354, 37.669058, 91.0696334838867
-122.348602, 37.67323, 88.9583587646484
-122.343354, 37.67323, 89.8711700439453
-122.35385, 37.677402, 90.2998580932617
-122.348602, 37.677402, 88.8029251098633
-122.343353, 37.677401, 88.0767288208008
-122.351226, 37.671145, 90.2983779907227
-122.348602, 37.671145, 89.0136413574219
-122.351226, 37.67323, 90.1745147705078
-122.345978, 37.671144, 89.5720977783203
-122.343354, 37.671144, 90.5677719116211
-122.345978, 37.67323, 88.5636215209961
-122.35385, 37.675316, 90.4721603393555
-122.351226, 37.675316, 90.032112121582
-122.348602, 37.675316, 88.9298553466797
-122.351226, 37.677402, 90.0286178588867
-122.345978, 37.675316, 87.4197692871094
-122.343354, 37.675316, 89.0232238769531
-122.345977, 37.677402, 87.3267211914063
-122.338109, 37.660715, 88.4818954467773
-122.332862, 37.660715, 90.4459915161133
-122.343357, 37.664887, 91.4386520385742
-122.338109, 37.664887, 88.4547882080078
-122.332862, 37.664886, 87.5230560302734
-122.343357, 37.669058, 91.0694885253906
-122.338109, 37.669058, 89.8610763549805
-122.332861, 37.669058, 86.1564559936523
-122.340733, 37.662801, 89.6392364501953
-122.338109, 37.662801, 87.4330291748047
-122.340733, 37.664887, 90.3072738647461
-122.335486, 37.662801, 87.9933700561523
-122.332862, 37.662801, 89.1878967285156
-122.335485, 37.664887, 86.2664642333984
-122.340733, 37.666973, 90.7190856933594
-122.338109, 37.666973, 89.2894058227539
-122.340733, 37.669058, 90.8568420410156
-122.335485, 37.666972, 87.2800140380859
-122.332861, 37.666972, 85.7103881835938
-122.335485, 37.669058, 88.221794128418
-122.32762, 37.652372, 86.2556457519531
-122.322373, 37.652371, 83.2295227050781
-122.332867, 37.656543, 91.2923202514648
-122.32762, 37.656543, 89.4628067016602
-122.322373, 37.656543, 86.5216751098633
-122.332867, 37.660715, 90.4450531005859
-122.32762, 37.660715, 90.5951538085938
-122.322372, 37.660714, 89.2140655517578
-122.330243, 37.652372, 87.9223556518555
-122.330243, 37.654457, 89.5430374145508
-122.32762, 37.654457, 88.0162506103516
-122.330243, 37.656543, 90.5717086791992
-122.324997, 37.652371, 84.6782455444336
-122.324997, 37.654457, 86.3982162475586
-122.322373, 37.654457, 84.8451919555664
-122.324996, 37.656543, 88.0814895629883
-122.330243, 37.658629, 90.9501113891602
-122.32762, 37.658629, 90.3366546630859
-122.330243, 37.660715, 90.7402877807617
-122.324996, 37.658629, 89.3526916503906
-122.322372, 37.658629, 88.1147232055664
-122.324996, 37.660715, 90.080680847168
-122.31193, 37.585626, 87.103141784668
-122.306688, 37.585626, 86.4104232788086
-122.301446, 37.585625, 85.7608261108398
-122.31193, 37.589797, 85.5314331054688
-122.306688, 37.589797, 85.2612152099609
-122.301446, 37.589797, 86.0482559204102
-122.309309, 37.585626, 86.7510375976563
-122.309309, 37.587711, 86.333869934082
-122.306688, 37.587711, 86.0213088989258
-122.309309, 37.589797, 85.2817459106445
-122.304067, 37.585625, 86.0805740356445
-122.304067, 37.587711, 85.7168655395508
-122.301446, 37.587711, 85.4201889038086
-122.304067, 37.589797, 85.8255844116211
-122.309309, 37.591883, 86.8209457397461
-122.306688, 37.591883, 87.3617630004883
-122.304067, 37.591883, 87.8084259033203
-122.301445, 37.591883, 88.005973815918
-122.348601, 37.677402, 88.8022537231445
-122.343352, 37.677401, 88.077392578125
-122.353849, 37.681573, 89.8981170654297
-122.3486, 37.681573, 87.6679153442383
-122.343351, 37.681573, 85.9029998779297
-122.353849, 37.685745, 88.8348922729492
-122.3486, 37.685745, 86.8140487670898
-122.343351, 37.685745, 83.7329406738281
-122.351225, 37.679488, 89.5684051513672
-122.3486, 37.679488, 88.5042037963867
-122.351225, 37.681573, 89.1602478027344
-122.345976, 37.679487, 86.9784088134766
-122.343352, 37.679487, 87.0113296508789
-122.345976, 37.681573, 86.1571197509766
-122.351225, 37.683659, 89.0169372558594
-122.3486, 37.683659, 87.6040191650391
-122.351224, 37.685745, 88.2008743286133
-122.345976, 37.683659, 85.5658264160156
-122.343351, 37.683659, 84.5146560668945
-122.345975, 37.685745, 84.9479904174805
-122.338107, 37.669058, 89.8598556518555
-122.332859, 37.669058, 86.1546096801758
-122.338106, 37.67323, 90.2781143188477
-122.332858, 37.673229, 87.9554748535156
-122.343354, 37.677401, 88.0760726928711
-122.338106, 37.677401, 89.8418731689453
-122.332857, 37.677401, 88.9563140869141
-122.34073, 37.671144, 90.7528915405273
-122.338106, 37.671144, 90.1914825439453
-122.34073, 37.67323, 90.4449844360352
-122.335482, 37.671144, 88.9256439208984
-122.332858, 37.671144, 87.1053848266602
-122.335482, 37.67323, 89.4135055541992
-122.34073, 37.675316, 89.9535369873047
-122.338106, 37.675316, 90.150993347168
-122.34073, 37.677401, 89.293098449707
-122.335482, 37.675315, 89.6761932373047
-122.332858, 37.675315, 88.5543060302734
-122.335482, 37.677401, 89.7195281982422
-122.327615, 37.660715, 90.5945663452148
-122.322367, 37.660714, 89.2122421264648
-122.327615, 37.664886, 89.4887008666992
-122.322367, 37.664886, 89.8645858764648
-122.332862, 37.669058, 86.1573867797852
-122.327614, 37.669058, 86.6305389404297
-122.322366, 37.669057, 88.2554244995117
-122.330238, 37.662801, 89.9611053466797
-122.327615, 37.6628, 90.300422668457
-122.330238, 37.664886, 88.7042846679688
-122.324991, 37.6628, 90.2310562133789
-122.322367, 37.6628, 89.8068389892578
-122.324991, 37.664886, 89.8716201782227
-122.330238, 37.666972, 87.0692977905273
-122.327614, 37.666972, 88.2365798950195
-122.330238, 37.669058, 85.3123016357422
-122.32499, 37.666972, 89.0275344848633
-122.322367, 37.666972, 89.4347229003906
-122.32499, 37.669058, 87.7745513916016
-122.343354, 37.681573, 85.9010238647461
-122.338106, 37.681573, 88.3227920532227
-122.332857, 37.681573, 87.7422180175781
-122.343354, 37.685745, 83.7333068847656
-122.338105, 37.685744, 85.8109283447266
-122.332856, 37.685744, 87.6000289916992
-122.34073, 37.679487, 88.4941253662109
-122.338106, 37.679487, 89.3669891357422
-122.34073, 37.681573, 87.4761352539063
-122.335481, 37.679487, 89.4580612182617
-122.332857, 37.679487, 88.7273712158203
-122.335481, 37.681573, 88.4115982055664
-122.34073, 37.683659, 85.7890090942383
-122.338105, 37.683659, 86.6128005981445
-122.34073, 37.685745, 83.957160949707
-122.335481, 37.683659, 87.6238098144531
-122.332857, 37.683658, 87.7157211303711
-122.335481, 37.685744, 87.1108703613281
END,,
